Vessels,16
Begin, 1,13,26,38,51,63,76,89,101,114,126,139,151,164,176,189,201 
End, 7,20,32,44,57,69,83,94,108,120,133,145,158,169,183,194,207 
Processing, 12,5,6,15,8,18,18,16,12,20,6,6,6,12,19,8 
Length, 0.2803,1.7546,0.6205000000000001,0.6747,1.0302,0.9415,1.6511,1.9349,0.0479,0.7233000000000001,1.9848,1.0064,1.4395,0.6982,0.8825,1.6898 
Arrival, 64,84,158,136,12,36,108,60,108,60,60,36,84,64,108,156 
