Vessels,16
Begin, 1,13,26,38,51,63,76,89,101,114,126,139,151,164,176,189,201 
End, 7,20,32,44,57,69,83,94,108,120,133,145,158,169,183,194,207 
Processing, 17,16,18,19,20,17,19,20,16,17,17,17,20,17,20,20 
Length, 0.675,1.0909,1.0301,1.3305,0.2606,0.5009,0.8274,1.7753,0.9764000000000001,0.5208,0.9219000000000001,1.2289,1.8662,1.0756,0.6655,1.3935 
Arrival, 109,36,84,157,84,60,60,84,12,12,12,84,84,84,84,12 
