Vessels,16
Begin, 1,13,26,38,51,63,76,89,101,114,126,139,151,164,176,189,201 
End, 7,20,32,44,57,69,83,94,108,120,133,145,158,169,183,194,207 
Processing, 18,16,16,19,17,19,19,19,18,20,16,16,16,18,20,17 
Length, 0.2803,1.7546,0.6205000000000001,0.6747,1.0302,0.9415,1.6511,1.9349,0.0479,0.7233000000000001,1.9848,1.0064,1.4395,0.6982,0.8825,1.6898 
Arrival, 58,117,149,72,84,149,137,7,33,98,50,101,60,58,44,77 
