Vessels,16
Begin, 1,13,26,38,51,63,76,89,101,114,126,139,151,164,176,189,201 
End, 7,20,32,44,57,69,83,94,108,120,133,145,158,169,183,194,207 
Processing, 19,16,18,17,17,19,17,16,17,17,17,17,18,18,19,18 
Length, 0.6189,0.09279999999999999,0.8801,1.5143,1.8441,1.6304,0.05,1.2466,1.2046,0.9805,1.0574,1.402,0.0755,0.1485,0.5056000000000001,1.0693 
Arrival, 12,135,84,109,84,12,134,12,134,84,12,134,36,60,132,60 
