Vessels,18
Begin, 1,13,26,38,51,63,76,89,101,114,126,139,151,164,176,189,201 
End, 7,20,32,44,57,69,83,94,108,120,133,145,158,169,183,194,207 
Processing, 18,19,17,18,18,17,17,18,20,17,19,17,18,18,18,17,19,18 
Length, 0.09619999999999999,1.4556,0.4981,1.2248,0.3874,1.3228,0.5562,0.693,1.5485,1.457,0.6674,0.8250999999999999,1.0432,0.221,1.34,0.6984,1.6454,0.7042000000000001 
Arrival, 108,84,109,84,133,134,60,60,132,134,108,134,133,12,36,60,84,108 
