Vessels,18
Begin, 1,13,26,38,51,63,76,89,101,114,126,139,151,164,176,189,201 
End, 7,20,32,44,57,69,83,94,108,120,133,145,158,169,183,194,207 
Processing, 12,17,8,14,13,8,10,14,19,8,16,9,12,13,11,8,14,11 
Length, 0.09619999999999999,1.4556,0.4981,1.2248,0.3874,1.3228,0.5562,0.693,1.5485,1.457,0.6674,0.8250999999999999,1.0432,0.221,1.34,0.6984,1.6454,0.7042000000000001 
Arrival, 39,88,106,62,28,43,121,100,32,72,85,21,92,31,78,143,17,15 
