Vessels,18
Begin, 1,13,26,38,51,63,76,89,101,114,126,139,151,164,176,189,201 
End, 7,20,32,44,57,69,83,94,108,120,133,145,158,169,183,194,207 
Processing, 6,18,11,7,14,17,9,12,19,14,16,11,13,8,8,5,5,19 
Length, 0.2914,1.1876,0.8594000000000001,1.5986,0.4126,1.2577,1.0501,1.2031,0.2548,0.1658,0.4747,1.841,0.9184,1.1566,0.3659,0.8303,0.8107,0.5510000000000001 
Arrival, 133,36,65,132,62,36,60,39,84,12,36,108,63,36,12,109,84,36 
