Vessels,20
Begin, 1,13,26,38,51,63,76,89,101,114,126,139,151,164,176,189,201 
End, 7,20,32,44,57,69,83,94,108,120,133,145,158,169,183,194,207 
Processing, 8,6,15,16,19,7,11,14,6,20,16,17,9,7,15,16,13,17,20,19 
Length, 0.7838000000000001,0.6829,0.8731,0.0139,0.08260000000000001,0.1695,1.2153,1.9033,1.1918,0.1716,1.2792,0.6513,1.8015,0.1535,0.3828,0.4631,1.7825,0.1924,0.4038,0.1952 
Arrival, 84,84,61,60,84,132,40,37,133,60,135,109,17,36,36,110,132,84,12,36 
