Vessels,20
Begin, 1,13,26,38,51,63,76,89,101,114,126,139,151,164,176,189,201 
End, 7,20,32,44,57,69,83,94,108,120,133,145,158,169,183,194,207 
Processing, 19,19,18,17,19,17,18,17,17,20,19,16,18,17,16,17,17,18,18,18 
Length, 0.788,1.2497,1.7435,0.9513,1.3252,1.9204,1.6433,1.4467,0.4288,0.7395000000000001,0.9522000000000001,0.3088,0.3151,0.7367,1.4069,0.6587,0.8609,0.7609,0.3002,1.6124 
Arrival, 57,37,58,147,11,1,113,84,148,106,45,47,133,49,86,99,137,100,90,62 
