Vessels,20
Begin, 1,13,26,38,51,63,76,89,101,114,126,139,151,164,176,189,201 
End, 7,20,32,44,57,69,83,94,108,120,133,145,158,169,183,194,207 
Processing, 19,18,19,19,20,17,18,17,17,19,16,17,19,18,18,17,17,18,17,18 
Length, 1.1476,0.2859,0.3181,1.304,1.5024,0.5119,1.4672,1.2122,0.07439999999999999,1.0228,1.7607,0.9885000000000001,1.9356,0.5153,0.3378,0.6797,0.4351,1.4818,0.924,1.602 
Arrival, 19,8,57,8,31,139,96,122,139,110,123,122,84,13,108,39,147,139,140,58 
