Vessels,20
Begin, 1,13,26,38,51,63,76,89,101,114,126,139,151,164,176,189,201 
End, 7,20,32,44,57,69,83,94,108,120,133,145,158,169,183,194,207 
Processing, 16,19,18,19,20,18,18,20,17,19,18,18,17,20,17,16,19,18,18,18 
Length, 0.9847,0.9219000000000001,0.0252,0.5919,0.9310000000000001,1.0335,1.3649,0.0236,0.0144,1.5594,0.4168,0.4051,0.9813,0.97,1.7578,1.6127,1.5263,0.4087,1.7619,1.4517 
Arrival, 135,25,71,122,56,39,61,43,84,23,45,101,66,43,21,110,84,25,20,50 
